k,logL,BIC
2,12417.687857155368,-24785.963550448218
3,12441.242947228582,-24783.661566732124
4,12558.09195641412,-24951.476699953175
