mean,std,label
-0.010697392070995545,0.016883871255332392,
-0.0004493471720361946,0.014475126035454677,
0.0011927133473608833,0.005792979597392595,Bull
-0.008046275584716395,0.05200492987567854,Bear
